Aspose														Aspose
Aspose														Aspose
Aspose														Aspose
Aspose														Aspose
Aspose														Aspose
Aspose														Aspose
Aspose														Aspose
Aspose														Aspose
Aspose														Aspose
Aspose														Aspose
Aspose														Aspose
Aspose	Excel	Excel	Excel	Excel	Excel	Excel	Excel	Excel	Excel	Excel	Excel	Excel	Excel	Aspose
Aspose														Aspose
Aspose														Aspose
Aspose														Aspose
Aspose														Aspose
Aspose														Aspose
Aspose														Aspose
Aspose														Aspose
Aspose														Aspose
Aspose														Aspose
Aspose														Aspose
Aspose														Aspose
Aspose														Aspose
Aspose														Aspose
Aspose														Aspose
Aspose														Aspose
